"geoid","datawrapper_id","geography","name","short_name","latitude","longitude","population","age_under18","age_18_24","age_25_34","age_35_54","age_55_64","age_over65","median_hh_income","poverty_rate_total","poverty_rate_deep","poverty_rate_notdeep","poverty_level_below_050","poverty_level_050_099","poverty_level_100_124","poverty_level_125_149","poverty_level_150_184","poverty_level_185_199","poverty_level_above_200","snap_rate_total","snap_rate_children","housing_owner_occupied","educ_hs_plus","educ_ba_plus","employment_rate_civilian","race_white","race_black","race_nhpi_amind","race_asian","race_other","race_twoplus","race_hispanic","foreign_born","has_health_insurance","homeless_count_year","homeless_count_age_25_54","homeless_count_age_55_plus","homeless_count_age_unknown","homeless_count_age_under_18","homeless_count_gender_nonconforming","homeless_count_hh_domestic_violence","homeless_count_location_shelter","homeless_count_location_publichotel","homeless_count_location_transitional","homeless_count_location_unsheltered","homeless_count_gender_men","homeless_count_chronic","homeless_count_total_adults","homeless_count_total_children","homeless_count_total_families","homeless_count_total_households","homeless_count_total_individuals","homeless_count_veterans","homeless_count_gender_transgender","homeless_count_gender_women","homeless_count_age_18_24","child_poverty_rate_total","child_poverty_rate_deep","child_poverty_rate_notdeep","poverty_rate_race_white","poverty_rate_race_black","poverty_rate_race_nhpi_amind","poverty_rate_race_asian","poverty_rate_race_other","poverty_rate_race_twoplus","poverty_rate_race_hispanic","poverty_rate_sex_male","poverty_rate_sex_female","child_poverty_family_married_couple","child_poverty_family_unmarried_male","child_poverty_family_unmarried_female","poverty_belowe"
"1","1","us","United States","United States",NA,NA,327167439,22.4,9.4,13.9,25.4,12.9,16,61937,13.1,5.9,7.2,5.9,7.2,4.3,4.2,6.2,2.7,69.5,11.3,18.2,63.9,88.3,32.6,95.1,60.2,12.3,0.8,5.6,0.3,2.4,18.3,13.7,91.1,NA,NA,NA,NA,NA,NA,NA,NA,NA,NA,NA,NA,NA,NA,NA,NA,NA,NA,NA,NA,NA,NA,18,7.9,10.1,9.5,22.5,22.4,10.8,20.1,15.9,18.8,11.9,14.3,8.3,20.1,41.8,41852315
"50","50","state_vt","Vermont","Vermont",NA,NA,626299,18.4,10.4,12,24.1,15.3,19.8,60782,11,4.7,6.3,4.7,6.3,3.3,3.1,5.7,2.7,74.2,10.4,13.2,72.2,93.5,38.7,96.2,92.6,1.2,0.3,1.9,0.2,1.9,2,4.9,96,NA,NA,NA,NA,NA,NA,NA,NA,NA,NA,NA,NA,NA,NA,NA,NA,NA,NA,NA,NA,NA,NA,14.1,6.3,7.8,10.7,23.8,16.8,15.4,12.7,20.1,16.2,10.3,12,5.5,14.3,39.4,66013
"01","01","state","Alabama","Alabama",NA,NA,4887871,22.3,9.4,13,25,13.3,17,49861,16.8,7.6,9.2,7.6,9.2,5.2,5,7.1,2.5,63.5,13.3,22.3,68,86.6,25.5,94.4,65.3,26.6,0.5,1.3,0.1,1.8,4.3,3.3,90,NA,NA,NA,NA,NA,NA,NA,NA,NA,NA,NA,NA,NA,NA,NA,NA,NA,NA,NA,NA,NA,NA,25.1,11.6,13.5,12.2,28.4,16.8,12.9,36.1,23.4,32.2,15.7,19.2,10.2,27.7,54.2,800422
"02","02","state","Alaska","Alaska",NA,NA,737438,24.9,9.3,16,25.3,12.7,11.9,74346,10.9,5.2,5.7,5.2,5.7,3,3.7,5.7,1.9,74.8,10.9,17.6,65.6,93.3,30.2,93.2,60.1,3.3,15.7,6.2,0.1,7.3,7.2,8.2,87.4,NA,NA,NA,NA,NA,NA,NA,NA,NA,NA,NA,NA,NA,NA,NA,NA,NA,NA,NA,NA,NA,NA,15.2,6.3,8.8,7,17.3,23.4,12.7,11.4,12.2,11.1,10.1,11.5,7.2,24.4,36.6,78620
"04","04","state","Arizona","Arizona",NA,NA,7171646,22.9,9.6,13.7,24.2,12.1,17.6,59246,14,6.3,7.7,6.3,7.7,4.8,4.6,7,3.2,66.4,10.4,18.7,64.8,87.5,29.7,94.6,54.3,4.3,4.1,3.2,0.1,2.3,31.6,13.4,89.4,NA,NA,NA,NA,NA,NA,NA,NA,NA,NA,NA,NA,NA,NA,NA,NA,NA,NA,NA,NA,NA,NA,22.8,10.2,12.6,10.5,21.7,34.1,13,25,17.6,23.3,15.1,17,13,26,44.6,983499
"05","05","state","Arkansas","Arkansas",NA,NA,3013825,23.4,9.6,13,24.5,12.7,16.8,47062,17.2,6.7,10.5,6.7,10.5,5.8,5.5,7.8,3.3,60.3,11.4,18,65.8,87.2,23.3,95.5,72.1,15.1,0.9,1.5,0.2,2.5,7.6,4.8,91.8,NA,NA,NA,NA,NA,NA,NA,NA,NA,NA,NA,NA,NA,NA,NA,NA,NA,NA,NA,NA,NA,NA,24.7,10.3,14.4,13.8,30.5,25.9,14.2,28,23.7,27.5,15.9,19.1,12.3,26,50.8,504504
"06","06","state","California","California",NA,NA,39557045,22.7,9.5,15.3,26.1,12.1,14.3,75277,12.8,5.9,6.9,5.9,6.9,4.4,4.1,6.1,2.6,70,8.5,16.1,54.8,83.8,34.2,94.5,36.6,5.5,0.7,14.5,0.3,3,39.3,26.9,92.8,NA,NA,NA,NA,NA,NA,NA,NA,NA,NA,NA,NA,NA,NA,NA,NA,NA,NA,NA,NA,NA,NA,19.5,8,11.5,9.5,21.9,18.1,10.7,20.3,13.4,19.2,13.2,15.4,11.3,23.1,41.9,4969326
"08","08","state","Colorado","Colorado",NA,NA,5695564,22.2,9.3,15.6,26.2,12.5,14.2,71953,9.6,4.6,5,4.6,5,3.3,3.4,5.8,2.7,75.3,7.2,11.5,65.1,91.9,41.7,96.1,67.8,3.9,0.7,3.1,0.2,2.6,21.7,9.6,92.5,NA,NA,NA,NA,NA,NA,NA,NA,NA,NA,NA,NA,NA,NA,NA,NA,NA,NA,NA,NA,NA,NA,13.5,5.7,7.8,8.2,18.7,19.6,11.4,18,14.3,17.6,10,11.9,7,14.3,36.5,537492
"09","09","state","Connecticut","Connecticut",NA,NA,3572665,20.6,9.6,12.5,25.7,14.4,17.2,76348,10.4,4.5,5.9,4.5,5.9,3.2,3.2,4.7,2,76.6,11.2,14.7,65.8,90.9,39.6,94.5,66.3,10,0.1,4.6,0.3,2,16.5,14.6,94.7,NA,NA,NA,NA,NA,NA,NA,NA,NA,NA,NA,NA,NA,NA,NA,NA,NA,NA,NA,NA,NA,NA,13.5,6.3,7.2,5.9,18.5,18,7.8,26.2,16.3,22.7,9,11,4.5,17.7,35.2,361377
"10","10","state","Delaware","Delaware",NA,NA,967171,21,8.7,13.2,24.3,14.1,18.7,64805,12.5,5.4,7.1,5.4,7.1,3.4,3.2,5.5,2.6,72.8,11.3,19.7,71,89.8,31.3,94.3,61.8,21.8,0.4,4,0.1,2.2,9.5,9.4,94.3,NA,NA,NA,NA,NA,NA,NA,NA,NA,NA,NA,NA,NA,NA,NA,NA,NA,NA,NA,NA,NA,NA,17.6,7,10.6,7.9,18.9,20.7,9.5,24.2,21.1,21.3,10.7,13,7.2,19.5,38.9,117242
"11","11","state","District of Columbia","District of Columbia",NA,NA,702455,18.1,10.7,23.3,25.8,10,12.2,85203,16.2,9.7,6.5,9.7,6.5,3.8,2.4,3.3,1.6,72.8,14,26.3,42.3,92.1,60.4,92.5,36.9,44.4,0.2,3.8,0.5,2.7,11.3,13.9,96.8,NA,NA,NA,NA,NA,NA,NA,NA,NA,NA,NA,NA,NA,NA,NA,NA,NA,NA,NA,NA,NA,NA,24.8,13.6,11.1,6.3,25.7,23.4,14.2,18,10.5,14.1,15,18.4,4.6,24.1,46,108055
"12","12","state","Florida","Florida",NA,NA,21299325,19.8,8.3,13,25,13.4,20.5,55462,13.6,5.9,7.7,5.9,7.7,4.9,4.7,7.1,3.2,66.6,13.8,23.7,65.9,88.5,30.4,94.8,53.3,15.3,0.2,2.7,0.4,1.9,26.1,21,87,NA,NA,NA,NA,NA,NA,NA,NA,NA,NA,NA,NA,NA,NA,NA,NA,NA,NA,NA,NA,NA,NA,21.3,9.1,12.3,10.5,23.5,19.1,12.5,20.8,16.7,18.9,13.7,15.8,10.6,24,42.3,2840977
"13","13","state","Georgia","Georgia",NA,NA,10519475,23.8,9.9,13.7,26.6,12.2,13.8,58756,14.3,6.5,7.8,6.5,7.8,4.7,4.6,6.5,2.9,66.9,11.9,19.3,63.8,87.6,31.9,95.2,52.2,31.2,0.3,4.1,0.3,2.1,9.7,10.1,86.3,NA,NA,NA,NA,NA,NA,NA,NA,NA,NA,NA,NA,NA,NA,NA,NA,NA,NA,NA,NA,NA,NA,22.9,10.2,12.7,10.6,23.1,25.8,10.7,27.7,19.4,24.9,14.5,17.5,10.5,26.8,47.3,1468642
"15","15","state","Hawaii","Hawaii",NA,NA,1420491,21.3,8.6,14.2,24.8,12.7,18.4,80212,8.8,4.4,4.4,4.4,4.4,3,2.9,4.7,2.5,78.1,10,15.7,58.3,92,33.5,96.2,21.7,1.9,9.6,36.7,0.1,19.2,10.7,18.7,95.9,NA,NA,NA,NA,NA,NA,NA,NA,NA,NA,NA,NA,NA,NA,NA,NA,NA,NA,NA,NA,NA,NA,12.5,5.9,6.6,9.2,11.2,21.9,6.4,9.7,10.7,14,9.2,10.7,5.9,13.2,32.9,122143
"16","16","state","Idaho","Idaho",NA,NA,1754208,25.4,9.4,13,24,12.3,15.9,55583,11.8,4.8,7,4.8,7,5.4,4.9,7.4,3.6,66.9,8.9,15.4,70.7,90.9,27.7,96,81.8,0.6,1.2,1.5,0.1,2.2,12.7,6,88.9,NA,NA,NA,NA,NA,NA,NA,NA,NA,NA,NA,NA,NA,NA,NA,NA,NA,NA,NA,NA,NA,NA,16.9,6.3,10.6,12.1,32.1,25.4,15.8,20.8,20.4,21.8,12.8,14.9,9.3,19.8,47.3,203264
"17","17","state","Illinois","Illinois",NA,NA,12741080,22.4,9.3,13.9,25.7,13.1,15.6,65030,12.1,5.6,6.5,5.6,6.5,3.9,3.8,5.7,2.5,71.9,12.3,19,66,89.5,35.1,94.5,60.9,13.8,0.2,5.6,0.2,1.9,17.3,14.1,93,NA,NA,NA,NA,NA,NA,NA,NA,NA,NA,NA,NA,NA,NA,NA,NA,NA,NA,NA,NA,NA,NA,18.1,7.9,10.1,8.8,27.4,15.5,11.4,18.3,16.8,17.1,11.8,14.3,7.7,21.6,43.9,1509247
"18","18","state","Indiana","Indiana",NA,NA,6691878,23.4,9.8,13.1,24.9,13.1,15.7,55746,13.1,6.1,7,6.1,7,4.5,4.3,6.5,2.7,68.9,8.9,15,68.9,89,27.1,95.6,78.7,9.4,0.2,2.3,0.2,2.1,7.1,5.3,91.7,NA,NA,NA,NA,NA,NA,NA,NA,NA,NA,NA,NA,NA,NA,NA,NA,NA,NA,NA,NA,NA,NA,19.8,8.8,11,11.2,28.6,18.5,19.8,27,23.9,24.5,12.7,15.5,8.6,22.1,46.7,852638
"19","19","state","Iowa","Iowa",NA,NA,3156145,23.2,10.1,12.5,23.9,13.3,17,59955,11.2,5.1,6.2,5.1,6.2,4.2,3.8,5.8,2.8,72.2,9.6,16.5,71.3,92.3,29,96.4,85.4,3.6,0.4,2.5,0.1,1.9,6.1,5.5,95.3,NA,NA,NA,NA,NA,NA,NA,NA,NA,NA,NA,NA,NA,NA,NA,NA,NA,NA,NA,NA,NA,NA,14.2,6.1,8.1,9.7,33.3,25.6,17,21.8,23,21.8,10.4,12.9,5.9,17,39.8,343504
"20","20","state","Kansas","Kansas",NA,NA,2911510,24.2,10.1,12.9,24,12.8,15.9,58218,12,5.1,6.9,5.1,6.9,4.3,4.3,6.5,2.8,70,7.3,11.9,66.2,91,33.8,96.2,75.6,5.6,0.8,2.8,0.1,3.1,12,7.2,91.2,NA,NA,NA,NA,NA,NA,NA,NA,NA,NA,NA,NA,NA,NA,NA,NA,NA,NA,NA,NA,NA,NA,15.6,6.5,9.1,9.8,24.6,20.4,14.6,21.2,20.5,20.8,11.3,13.4,7.1,20,41.4,338175
"21","21","state","Kentucky","Kentucky",NA,NA,4468402,22.6,9.4,13,25.3,13.4,16.4,50247,16.9,7.5,9.3,7.5,9.3,4.8,5.1,6.9,3,63.4,13.2,20.7,67.4,86.8,24.8,94.8,84.5,7.8,0.2,1.5,0.2,2.1,3.6,3.8,94.4,NA,NA,NA,NA,NA,NA,NA,NA,NA,NA,NA,NA,NA,NA,NA,NA,NA,NA,NA,NA,NA,NA,24.4,11.4,13,16.3,29.2,26.6,16.6,32.6,26,28.8,16.3,19.5,12.5,29.8,51.7,730408
"22","22","state","Louisiana","Louisiana",NA,NA,4659978,23.6,9.4,13.8,24.8,12.9,15.5,47905,18.6,8.1,10.5,8.1,10.5,5.9,5.1,7.2,3.2,60,15,24,65.5,85.8,24.3,93.6,58.4,32.2,0.5,1.6,0.2,1.9,5.1,4.2,92,NA,NA,NA,NA,NA,NA,NA,NA,NA,NA,NA,NA,NA,NA,NA,NA,NA,NA,NA,NA,NA,NA,27.4,13.2,14.3,12.2,32.3,23.7,15.2,26.3,22.4,22.6,17.3,21.4,9.7,27.6,55.5,843626
"23","23","state","Maine","Maine",NA,NA,1338404,18.6,8,12,24.9,15.9,20.6,55602,11.6,4.6,7,4.6,7,4,4,6.8,2.6,70.9,12.9,18.9,71.2,93,31.5,96.5,93,1.4,0.6,1.1,0.1,2,1.7,3.5,92,NA,NA,NA,NA,NA,NA,NA,NA,NA,NA,NA,NA,NA,NA,NA,NA,NA,NA,NA,NA,NA,NA,16.3,7.2,9.2,11.6,36.6,34.6,11.3,13.3,25.1,20.8,11.4,13.5,6.5,24.5,41.1,151541
"24","24","state","Maryland","Maryland",NA,NA,6042718,22.1,8.9,13.7,26.4,13.4,15.4,83242,9,4.4,4.5,4.4,4.5,2.9,3,4.5,2,78.7,9.4,14.2,66.9,90.5,40.8,95.1,50.2,29.5,0.2,6.2,0.4,2.8,10.4,15.1,94,NA,NA,NA,NA,NA,NA,NA,NA,NA,NA,NA,NA,NA,NA,NA,NA,NA,NA,NA,NA,NA,NA,12.4,6,6.4,6.4,13.6,12.7,7.2,14.8,11.3,13.5,8.4,10.4,4.3,16.4,31.3,528203
"25","25","state","Massachusetts","Massachusetts",NA,NA,6902149,19.8,10.2,14.3,25.6,13.6,16.5,79835,10,4.6,5.3,4.6,5.3,3.1,2.8,4.4,2.1,77.6,11.5,15.1,61.8,90.8,44.5,95.2,70.7,7,0.2,6.8,0.8,2,12.3,17.4,97.2,NA,NA,NA,NA,NA,NA,NA,NA,NA,NA,NA,NA,NA,NA,NA,NA,NA,NA,NA,NA,NA,NA,13.9,6.7,7.2,7.1,19.7,21.1,13.8,26.8,17.5,26.6,9.6,11.9,4.5,16.9,38.5,663918
"26","26","state","Michigan","Michigan",NA,NA,9995915,21.7,9.6,12.9,24.6,14,17.2,56697,14.1,6.5,7.6,6.5,7.6,4.2,4.1,6.3,2.6,68.7,12.6,19.1,71.2,91.1,29.6,94.7,74.8,13.6,0.5,3.2,0.1,2.4,5.2,7,94.6,NA,NA,NA,NA,NA,NA,NA,NA,NA,NA,NA,NA,NA,NA,NA,NA,NA,NA,NA,NA,NA,NA,20.8,9.5,11.3,11.4,30.1,22.2,14.3,23.1,24.7,22.7,13.8,16.1,9.5,25.3,47.3,1373349
"27","27","state","Minnesota","Minnesota",NA,NA,5611179,23.2,8.9,13.5,25,13.5,15.8,70315,9.6,4.2,5.4,4.2,5.4,3.4,3.4,4.9,2.3,76.4,7.3,11.5,71.5,93.4,36.7,96.6,79.4,6.5,1,4.8,0.1,2.6,5.5,8.6,95.6,NA,NA,NA,NA,NA,NA,NA,NA,NA,NA,NA,NA,NA,NA,NA,NA,NA,NA,NA,NA,NA,NA,12.9,5.4,7.5,7.2,30.4,30.9,14.5,21.8,17.2,20,9.2,11,5.8,14.8,36.4,529077
"28","28","state","Mississippi","Mississippi",NA,NA,2986530,23.6,10.2,12.7,24.8,12.8,15.9,44717,19.7,9.2,10.5,9.2,10.5,6.1,5.5,6.9,3.1,58.6,14.8,24.9,68.2,85.4,23.2,92.9,56.4,37.8,0.5,0.9,0.1,1.3,2.9,2.4,87.9,NA,NA,NA,NA,NA,NA,NA,NA,NA,NA,NA,NA,NA,NA,NA,NA,NA,NA,NA,NA,NA,NA,29.2,14.7,14.5,12.6,32.7,31,13.7,27.6,26.4,25.9,18.6,22.8,11.1,29.5,56.1,567645
"29","29","state","Missouri","Missouri",NA,NA,6126452,22.5,9.2,13.4,24.4,13.6,16.9,54478,13.2,5.7,7.6,5.7,7.6,4.7,4.1,6.5,2.9,68.5,10.7,17.9,66.8,90.5,29.5,95.8,79.3,11.4,0.5,2,0.2,2.5,4.1,4.2,90.6,NA,NA,NA,NA,NA,NA,NA,NA,NA,NA,NA,NA,NA,NA,NA,NA,NA,NA,NA,NA,NA,NA,19.5,8.5,10.9,11.7,26.1,22.5,14.7,28.8,21.5,23.3,12.9,15.4,8.9,23.2,44.9,786330
"30","30","state","Montana","Montana",NA,NA,1062305,21.6,9.1,12.6,23.5,14.3,18.8,55328,13,5.4,7.6,5.4,7.6,4.9,4.4,7.1,3.2,67.3,8.9,15.9,67.5,93.9,31.7,96.5,85.9,0.5,6.2,0.8,0.1,2.5,3.9,2.2,91.8,NA,NA,NA,NA,NA,NA,NA,NA,NA,NA,NA,NA,NA,NA,NA,NA,NA,NA,NA,NA,NA,NA,16.4,7.5,8.9,11.8,21.1,33.9,17.8,14.3,18.5,19.2,12.8,14.6,8.5,22.8,42.7,135114
"31","31","state","Nebraska","Nebraska",NA,NA,1929268,24.6,9.7,13.3,24,12.5,15.8,59566,11,4.5,6.5,4.5,6.5,4.5,3.9,6.6,2.7,71.4,8.4,15.2,66.1,91.4,32.4,96.5,78.5,4.6,0.8,2.4,0.1,2.4,11.1,7.2,91.7,NA,NA,NA,NA,NA,NA,NA,NA,NA,NA,NA,NA,NA,NA,NA,NA,NA,NA,NA,NA,NA,NA,14.8,6,8.8,8.7,27.1,30.4,18.2,21,19.6,21.6,10.2,12.9,6.6,19.4,39.6,206341
"32","32","state","Nevada","Nevada",NA,NA,3034392,22.7,8.2,14.6,26.4,12.4,15.7,58646,12.9,5.8,7.1,5.8,7.1,4.5,4.6,6.7,3.2,68.1,11.2,18.3,56.8,86.9,24.9,94.4,48.4,8.8,1.6,8.1,0.4,3.6,29,19.4,88.8,NA,NA,NA,NA,NA,NA,NA,NA,NA,NA,NA,NA,NA,NA,NA,NA,NA,NA,NA,NA,NA,NA,19.1,8.3,10.8,9.7,24.5,23.4,9.2,19.9,14.9,18,12.7,14.6,9.8,20.5,39.6,387327
"33","33","state","New Hampshire","New Hampshire",NA,NA,1356458,19,9.4,12.4,25.4,15.7,18.1,74991,7.6,3.8,3.9,3.8,3.9,2.8,2.7,4.7,1.9,80.3,6.7,11.4,71.3,93.1,36.8,96.4,89.8,1.4,0.3,2.6,0.1,1.8,3.9,6.1,94.3,NA,NA,NA,NA,NA,NA,NA,NA,NA,NA,NA,NA,NA,NA,NA,NA,NA,NA,NA,NA,NA,NA,10.2,4.6,5.6,7.2,19.8,13.1,10.1,12.6,12.6,17.8,7.1,8.6,3.2,13.7,32.7,100220
"34","34","state","New Jersey","New Jersey",NA,NA,8908520,21.9,8.6,12.9,26.7,13.7,16.1,81740,9.5,4.3,5.3,4.3,5.3,3.3,2.9,4.5,1.9,78,8.2,12.2,64,90.2,40.8,95.1,54.6,12.8,0.1,9.7,0.5,1.6,20.6,22.8,92.6,NA,NA,NA,NA,NA,NA,NA,NA,NA,NA,NA,NA,NA,NA,NA,NA,NA,NA,NA,NA,NA,NA,14.8,6.4,8.4,6.1,18.2,20.3,6.9,22.2,14.1,19,9.3,11.4,6.6,20.7,37.8,832133
"35","35","state","New Mexico","New Mexico",NA,NA,2095428,22.9,9.5,13.3,23.7,13,17.6,47169,19.5,9.1,10.3,9.1,10.3,6.2,5.4,7.5,3.1,58.4,17.3,28.6,66.2,85.4,27.7,93.9,36.9,1.9,8.9,1.5,0.2,1.4,49.1,9.5,90.5,NA,NA,NA,NA,NA,NA,NA,NA,NA,NA,NA,NA,NA,NA,NA,NA,NA,NA,NA,NA,NA,NA,28.1,13,15.1,12.2,23.4,32.9,9.7,27.9,20.1,23.9,18.8,21.2,16.1,29.6,51.1,399456
"36","36","state","New York","New York",NA,NA,19542209,20.8,9.2,14.7,25.5,13.3,16.4,67844,13.6,6.2,7.4,6.2,7.4,4.1,3.7,5.7,2.4,70.4,14.6,19.4,53.7,87.1,37.2,95,55.2,14.3,0.3,8.5,0.5,1.9,19.2,22.8,94.6,NA,NA,NA,NA,NA,NA,NA,NA,NA,NA,NA,NA,NA,NA,NA,NA,NA,NA,NA,NA,NA,NA,20.6,9.4,11.1,9.6,21.6,23.3,16.1,27,19.8,23.6,13.3,15.9,11.1,22,42.3,2591391
"37","37","state","North Carolina","North Carolina",NA,NA,10383620,22.1,9.5,13.3,25.9,12.9,16.3,53855,14,6.2,7.9,6.2,7.9,4.8,4.6,7,3.2,66.4,11.6,19.6,65.1,88.2,31.9,95,62.7,21,1.1,2.9,0.2,2.3,9.6,7.9,89.3,NA,NA,NA,NA,NA,NA,NA,NA,NA,NA,NA,NA,NA,NA,NA,NA,NA,NA,NA,NA,NA,NA,22,9.6,12.4,10.6,23.5,24.8,11.9,29.5,21.5,28.5,14,16.8,10.1,28.7,47.4,1417873
"38","38","state","North Dakota","North Dakota",NA,NA,760077,23,11.1,15.4,22.7,12.5,15.3,63837,10.7,5.4,5.3,5.4,5.3,3.9,3.7,4.6,2.9,74.2,7,11.2,62.5,92.3,29.7,97.2,83.8,3.4,5.2,1.8,0.2,1.9,3.6,4.7,92.7,NA,NA,NA,NA,NA,NA,NA,NA,NA,NA,NA,NA,NA,NA,NA,NA,NA,NA,NA,NA,NA,NA,12.2,6.3,5.9,8.3,26.4,35.1,19.8,13.5,19.4,18.4,9.9,12,3.7,21.4,38.9,78676
"39","39","state","Ohio","Ohio",NA,NA,11689442,22.2,9.2,13.1,24.7,13.8,17.1,56111,13.9,6.1,7.7,6.1,7.7,4.1,4,6.2,2.7,69,12.3,19.4,65.9,90.7,29,95.1,78.6,12.2,0.2,2.3,0.2,2.6,3.9,4.8,93.5,NA,NA,NA,NA,NA,NA,NA,NA,NA,NA,NA,NA,NA,NA,NA,NA,NA,NA,NA,NA,NA,NA,20.8,9.8,10.9,11.1,31.2,26.9,14,27,26.9,25.9,13.2,15.8,7.9,24,48.5,1578673
"40","40","state","Oklahoma","Oklahoma",NA,NA,3943079,24.3,9.6,13.8,24.1,12.5,15.7,51924,15.6,6.9,8.7,6.9,8.7,4.9,4.9,7.3,3.3,64,12.5,20.4,65.4,88.4,25.6,95.6,65.2,7.2,7.5,2.1,0.2,6.8,10.9,6,85.8,NA,NA,NA,NA,NA,NA,NA,NA,NA,NA,NA,NA,NA,NA,NA,NA,NA,NA,NA,NA,NA,NA,22,9.6,12.4,12.4,28.1,21.1,15.3,25.5,20.4,24.9,14.5,17.4,10.7,25.9,48.9,596949
"41","41","state","Oregon","Oregon",NA,NA,4190713,20.8,8.7,14.1,25.7,13,17.6,63426,12.6,5.6,7,5.6,7,4.6,4.2,5.8,2.7,70.2,14.7,21.6,62.5,90.5,34,95,75.1,1.9,1.4,4.5,0.2,3.6,13.3,10.3,92.9,NA,NA,NA,NA,NA,NA,NA,NA,NA,NA,NA,NA,NA,NA,NA,NA,NA,NA,NA,NA,NA,NA,18,7.5,10.5,12,28.7,23.9,14.6,21,19.3,22.3,13.1,15.1,9.4,22.1,41.9,516570
"42","42","state","Pennsylvania","Pennsylvania",NA,NA,12807060,20.7,9.1,13.2,24.6,14.1,18.2,60905,12.2,5.6,6.7,5.6,6.7,4,3.7,5.6,2.6,71.8,13.4,20.8,68.6,91,31.8,95.1,75.9,10.6,0.1,3.5,0.2,2,7.6,7.2,94.5,NA,NA,NA,NA,NA,NA,NA,NA,NA,NA,NA,NA,NA,NA,NA,NA,NA,NA,NA,NA,NA,NA,18.1,8.3,9.8,9.1,26.9,25.9,14.3,32.5,23.2,29.4,11.6,13.9,7.1,22.9,43.6,1517870
"44","44","state","Rhode Island","Rhode Island",NA,NA,1057315,19.3,10.7,13.8,24.9,14.1,17.3,64340,12.9,5.6,7.3,5.6,7.3,3.8,3.4,4.9,2,73,15.4,21.5,61.8,89.1,34.4,94.5,71.4,5.8,0.3,3.3,0.8,2.2,15.9,13.2,95.9,NA,NA,NA,NA,NA,NA,NA,NA,NA,NA,NA,NA,NA,NA,NA,NA,NA,NA,NA,NA,NA,NA,18.2,7.5,10.6,9,21.5,32.3,15.9,26.7,23.5,27.1,11.8,14.3,6.8,19.6,41.6,131205
"45","45","state","South Carolina","South Carolina",NA,NA,5084127,21.7,9.6,12.9,24.8,13.3,17.7,52306,15.3,6.8,8.5,6.8,8.5,4.6,5.2,7.2,2.8,64.8,11.4,20.2,69.3,88.4,28.3,94.7,63.5,26.5,0.4,1.6,0.2,1.9,5.8,5.1,89.5,NA,NA,NA,NA,NA,NA,NA,NA,NA,NA,NA,NA,NA,NA,NA,NA,NA,NA,NA,NA,NA,NA,23.7,10.9,12.8,10.7,25.7,24.3,13.5,32.7,25.3,28,14.4,17.5,9.7,26.5,49.4,755215
"46","46","state","South Dakota","South Dakota",NA,NA,882235,24.3,9.6,13.2,22.9,13.3,16.6,56274,13.1,6,7.1,6,7.1,4.5,3.5,6.3,3.2,69.4,8.1,15.6,67.9,92.3,29.2,97,81.5,2.1,8.5,1.7,0,2.3,3.9,4,90.2,NA,NA,NA,NA,NA,NA,NA,NA,NA,NA,NA,NA,NA,NA,NA,NA,NA,NA,NA,NA,NA,NA,17.8,8.4,9.4,8.9,27.1,49.8,19.8,21.5,23.3,23.3,12.2,14.9,6.7,24.4,47.3,111626
"47","47","state","Tennessee","Tennessee",NA,NA,6770010,22.3,9.2,13.5,25.6,13.2,16.3,52375,15.3,6.6,8.7,6.6,8.7,4.9,5.1,6.8,3.3,64.6,13,21.6,66.2,87.8,27.5,94.5,73.6,16.6,0.3,1.8,0.2,1.9,5.5,5.1,89.9,NA,NA,NA,NA,NA,NA,NA,NA,NA,NA,NA,NA,NA,NA,NA,NA,NA,NA,NA,NA,NA,NA,23.3,10.5,12.8,12.9,26.4,23,10.9,32.5,22.9,28.4,14.7,17.4,11.1,27.6,49.8,1011016
"48","48","state","Texas","Texas",NA,NA,28701845,25.8,9.8,14.6,26,11.3,12.5,60629,14.9,6.5,8.4,6.5,8.4,4.9,4.9,6.8,2.9,65.6,11.9,20.3,61.7,84,30.3,95.1,41.4,11.9,0.3,4.9,0.2,1.6,39.6,17.2,82.3,NA,NA,NA,NA,NA,NA,NA,NA,NA,NA,NA,NA,NA,NA,NA,NA,NA,NA,NA,NA,NA,NA,22,9.4,12.7,8.7,20.3,17.6,10.5,22.3,15.3,22.1,14,16.9,12.2,23.1,46.6,4180675
"49","49","state","Utah","Utah",NA,NA,3161105,29.5,11.3,14.7,23.9,9.5,11.1,71414,9,4.2,4.8,4.2,4.8,3.6,3.8,6.5,2.8,74.3,6.5,9.6,70.5,92.4,34.9,96.8,77.8,1.2,1.8,2.4,0.2,2.3,14.2,8.6,90.6,NA,NA,NA,NA,NA,NA,NA,NA,NA,NA,NA,NA,NA,NA,NA,NA,NA,NA,NA,NA,NA,NA,11.5,4.6,6.9,8.3,24.9,21.4,14.3,20.6,12.7,18.6,9.5,11.2,6.4,17.2,39.3,280773
"50","50","state","Vermont","Vermont",NA,NA,626299,18.4,10.4,12,24.1,15.3,19.8,60782,11,4.7,6.3,4.7,6.3,3.3,3.1,5.7,2.7,74.2,10.4,13.2,72.2,93.5,38.7,96.2,92.6,1.2,0.3,1.9,0.2,1.9,2,4.9,96,NA,NA,NA,NA,NA,NA,NA,NA,NA,NA,NA,NA,NA,NA,NA,NA,NA,NA,NA,NA,NA,NA,14.1,6.3,7.8,10.7,23.8,16.8,15.4,12.7,20.1,16.2,10.3,12,5.5,14.3,39.4,66013
"51","51","state","Virginia","Virginia",NA,NA,8517685,22,9.7,13.7,26.2,13,15.5,72577,10.7,5.1,5.6,5.1,5.6,3.2,3.4,5.3,2.4,75,7.9,13.1,65.9,89.9,39.3,95.8,61.3,18.8,0.3,6.5,0.2,3.3,9.5,12.5,91.2,NA,NA,NA,NA,NA,NA,NA,NA,NA,NA,NA,NA,NA,NA,NA,NA,NA,NA,NA,NA,NA,NA,14.5,6.9,7.6,8.4,18.6,12.5,7.4,17,12.9,14.7,9.8,12.1,5.5,17.4,39.7,884647
"53","53","state","Washington","Washington",NA,NA,7535591,22.1,8.7,15.3,25.7,12.7,15.4,74073,10.3,4.7,5.5,4.7,5.5,3.3,3.4,5.1,2.5,75.4,11.1,16.3,62.8,91.6,36.7,95.7,67.8,3.7,1.8,8.7,0.2,4.8,12.9,14.7,93.6,NA,NA,NA,NA,NA,NA,NA,NA,NA,NA,NA,NA,NA,NA,NA,NA,NA,NA,NA,NA,NA,NA,14.6,6.4,8.2,9.3,21.5,21.9,10.1,21,14.4,19.6,10.6,12.3,6.9,19.1,38.5,759013
"54","54","state","West Virginia","West Virginia",NA,NA,1805832,20.1,9,11.6,25,14.3,20,44097,17.8,7.6,10.2,7.6,10.2,5.9,4.9,7.5,2.8,61.1,16.6,26.2,72.5,87.8,21.3,94.2,92,3.8,0.2,0.7,0.1,1.7,1.4,1.5,93.6,NA,NA,NA,NA,NA,NA,NA,NA,NA,NA,NA,NA,NA,NA,NA,NA,NA,NA,NA,NA,NA,NA,24.2,11.2,13,17,29.6,18.2,18.2,37.7,26.8,23,16.2,19.2,12.1,30,53.2,312188
"55","55","state","Wisconsin","Wisconsin",NA,NA,5813568,21.9,9.5,12.7,24.9,14.2,17,60773,11,4.8,6.2,4.8,6.2,3.9,3.5,5.9,2.6,73.1,10,16.5,67.1,92.1,30,96.8,81,6.3,0.8,2.8,0.1,2,6.9,5.1,94.5,NA,NA,NA,NA,NA,NA,NA,NA,NA,NA,NA,NA,NA,NA,NA,NA,NA,NA,NA,NA,NA,NA,15.9,6.5,9.3,8.9,32.9,25.8,17.6,25.7,21.9,22.8,10.7,13,6.4,20.1,41.2,625826
"56","56","state","Wyoming","Wyoming",NA,NA,577737,23,8.9,13.4,24.2,13.7,16.7,61584,11.1,5.1,6,5.1,6,3.5,3.6,6.3,2.4,73.1,5,8.6,70.3,93.3,26.9,96.1,84,0.5,2.7,1,0.1,1.8,10,3,89.5,NA,NA,NA,NA,NA,NA,NA,NA,NA,NA,NA,NA,NA,NA,NA,NA,NA,NA,NA,NA,NA,NA,12.8,5.4,7.4,9.6,12.4,23.6,18.5,23.5,13.4,21.2,9.7,12.6,6.3,13,37.9,62301
"72","72","state","Puerto Rico","Puerto Rico",NA,NA,3195153,18.6,9.8,11.9,25.6,13.3,20.7,20296,43.1,23.2,19.9,23.2,19.9,9,7.8,9,3.3,27.8,41.8,50,67.3,77.5,26.7,84.9,1,0.1,0,0.1,0.1,0,98.7,2.7,93.6,NA,NA,NA,NA,NA,NA,NA,NA,NA,NA,NA,NA,NA,NA,NA,NA,NA,NA,NA,NA,NA,NA,57.4,37.1,20.3,35.5,45.7,46.8,49.7,51.8,43.1,44.6,42.7,46.2,36.8,63.3,75.3,1363666
"5000100325","5000100325","county subdivision","Addison town, Addison County, Vermont","Addison",44.0585392,-73.3323146,1424,21.6,8.6,9.6,28.3,11.9,19.9,84038,3.3,0.5,2.8,0.5,2.8,1.5,0.8,2.7,3.2,88.4,5.9,5,88.4,94.8,36.8,97,96.6,0,0,0,0,1,2.5,3.4,98.5,NA,NA,NA,NA,NA,NA,NA,NA,NA,NA,NA,NA,NA,NA,NA,NA,NA,NA,NA,NA,NA,NA,0,0,0,3.4,NA,NA,NA,NA,0,0,2.5,4.1,0,0,0,47
"5000108575","5000108575","county subdivision","Bridport town, Addison County, Vermont","Bridport",43.9817242,-73.3319365,1316,19.1,4.6,13.7,23.3,18.2,21.2,64875,9.4,3,6.4,3,6.4,1.4,3.9,4.9,4.7,75.7,9.8,11.4,75.7,93.6,30.5,97.6,92.9,3.2,0,0.7,0,1.6,1.6,4.6,92.1,NA,NA,NA,NA,NA,NA,NA,NA,NA,NA,NA,NA,NA,NA,NA,NA,NA,NA,NA,NA,NA,NA,12.3,7.5,4.8,10.1,0,NA,0,NA,0,0,9.4,9.5,2.5,11.5,79.3,124
"5000109025","5000109025","county subdivision","Bristol town, Addison County, Vermont","Bristol",44.0978095,-73.0485314,3914,19,7.2,10.3,25.1,20.8,17.6,56066,8.1,6.4,1.8,6.4,1.8,7,1.9,8.3,3.7,71,15.7,26.3,69.7,90.3,27.9,95.4,95,2.1,0,2,0,0,0.9,1.7,95,NA,NA,NA,NA,NA,NA,NA,NA,NA,NA,NA,NA,NA,NA,NA,NA,NA,NA,NA,NA,NA,NA,10.2,8.4,1.8,8.2,0,100,0,NA,NA,36.1,7.8,8.4,9.5,NA,12.2,314
"5000116000","5000116000","county subdivision","Cornwall town, Addison County, Vermont","Cornwall",43.9629183,-73.2177012,996,14.1,6.6,8,23.8,18,29.5,81793,2.9,1.7,1.2,1.7,1.2,1.4,0.6,3.5,2.5,89.1,3.6,0,80.1,97.5,58.9,97,92.6,0.6,0.8,0.9,0,3.8,1.3,6,95.2,NA,NA,NA,NA,NA,NA,NA,NA,NA,NA,NA,NA,NA,NA,NA,NA,NA,NA,NA,NA,NA,NA,0,0,0,2.8,0,0,0,0,0,23.1,3.9,1.8,0,NA,0,29
"5000126300","5000126300","county subdivision","Ferrisburgh town, Addison County, Vermont","Ferrisburgh",44.2031331,-73.2791964,2736,14.8,9.6,10,26.4,21,18.1,74958,3,0.6,2.3,0.6,2.3,0.7,2.3,4.2,2.6,87.3,7.1,12.5,79.5,95.1,38.1,95.6,97.6,0,0,0,0,1.1,1.3,2.8,94.5,NA,NA,NA,NA,NA,NA,NA,NA,NA,NA,NA,NA,NA,NA,NA,NA,NA,NA,NA,NA,NA,NA,0,0,0,3,NA,0,NA,NA,0,0,2.5,3.5,0,NA,0,81
"5000128600","5000128600","county subdivision","Goshen town, Addison County, Vermont","Goshen",43.864713,-72.9901335,134,7.5,1.5,13.4,20.9,16.4,40.3,54750,5.2,0,5.2,0,5.2,3,7.5,6.7,4.5,73.1,10.1,0,94.9,91.8,45.1,93.2,97.8,0,0,0,0,2.2,0,0,95.5,NA,NA,NA,NA,NA,NA,NA,NA,NA,NA,NA,NA,NA,NA,NA,NA,NA,NA,NA,NA,NA,NA,0,0,0,5.3,NA,NA,NA,NA,0,NA,3.1,7.2,0,0,NA,7
"5000129575","5000129575","county subdivision","Granville town, Addison County, Vermont","Granville",44.0052914,-72.8413144,352,20.5,4.5,15.9,30.1,19,9.9,67500,13.6,8,5.7,8,5.7,4.5,11.1,3.1,4.5,63.1,9.7,17.5,69.5,93.2,30.7,88.8,94.9,0,0.9,1.4,0,1.4,1.4,0.6,94.6,NA,NA,NA,NA,NA,NA,NA,NA,NA,NA,NA,NA,NA,NA,NA,NA,NA,NA,NA,NA,NA,NA,18.1,12.5,5.6,14.4,NA,0,0,NA,0,0,13,14.3,19.4,0,50,48
"5000131525","5000131525","county subdivision","Hancock town, Addison County, Vermont","Hancock",43.9053287,-72.918171,323,16.4,3.1,6.5,29.1,14.9,30,51071,10.8,5,5.9,5,5.9,0.6,2.8,0.6,7.4,77.7,13.2,27.8,76.3,83.5,21.5,97.1,91.6,0,0,0.9,4.6,1.9,0.9,2.8,89.8,NA,NA,NA,NA,NA,NA,NA,NA,NA,NA,NA,NA,NA,NA,NA,NA,NA,NA,NA,NA,NA,NA,17,11.3,5.7,11.8,NA,0,0,0,0,0,12.4,9.2,0,0,47.4,35
"5000139325","5000139325","county subdivision","Leicester town, Addison County, Vermont","Leicester",43.8745281,-73.0997492,1197,15.4,10.2,5.7,22,22.5,24.3,53563,8.3,3.7,4.6,3.7,4.6,3,1.9,4.7,1.5,80.5,9,18.9,89.2,91.1,22.2,94.5,96.7,0.4,0.5,0,0,0.9,1.5,2.3,95.6,NA,NA,NA,NA,NA,NA,NA,NA,NA,NA,NA,NA,NA,NA,NA,NA,NA,NA,NA,NA,NA,NA,17.9,10.7,7.1,8.6,0,0,NA,NA,0,0,8.7,7.9,7.8,30,42.9,98
"5000140075","5000140075","county subdivision","Lincoln town, Addison County, Vermont","Lincoln",44.0929248,-72.9735212,1374,23.1,7.1,5.7,29.8,18,16.4,60625,9.1,3,6.1,3,6.1,4.4,3,4.6,2,76.8,7.5,10.9,81.2,92.4,42.8,97.1,96,0,0,0.7,0,3.1,0.2,0.8,94.6,NA,NA,NA,NA,NA,NA,NA,NA,NA,NA,NA,NA,NA,NA,NA,NA,NA,NA,NA,NA,NA,NA,4.5,2.6,1.9,9.5,NA,NA,0,NA,0,0,7.2,11.1,1,0,7.5,124
"5000144350","5000144350","county subdivision","Middlebury town, Addison County, Vermont","Middlebury",44.0018997,-73.1190475,8600,12.8,34,8,17.9,10.2,17.2,57713,10.3,4.4,5.9,4.4,5.9,3.5,4.3,6.6,4.4,70.8,14.2,22.8,56.8,93.2,43.1,94.1,83.8,3,0.1,5.7,0,2.5,4.8,9,97.4,NA,NA,NA,NA,NA,NA,NA,NA,NA,NA,NA,NA,NA,NA,NA,NA,NA,NA,NA,NA,NA,NA,10.8,4.7,6.1,11,3.2,100,0,0,24.2,0,7.6,12.7,0,0,42.8,606
"5000145550","5000145550","county subdivision","Monkton town, Addison County, Vermont","Monkton",44.2270403,-73.1317208,1949,22.9,2.8,13.2,31.4,14.4,15.2,91406,1.7,0.8,0.9,0.8,0.9,1.8,3.9,5.8,0.8,86,4,5.4,81.9,93.8,42.4,98.3,96.2,0,0,0.6,0,2.4,0.8,4,95.5,NA,NA,NA,NA,NA,NA,NA,NA,NA,NA,NA,NA,NA,NA,NA,NA,NA,NA,NA,NA,NA,NA,0.7,0,0.7,1.8,NA,NA,0,NA,0,0,1.2,2.2,0,5.9,0,33
"5000148700","5000148700","county subdivision","New Haven town, Addison County, Vermont","New Haven",44.1049674,-73.1657672,1687,19.3,8.1,11.7,26.1,17.6,17.2,72788,4.7,2.7,2,2.7,2,1.3,1.4,4.8,1,86.8,4.7,7.3,81.1,92.3,27.2,95.8,97.2,0,0,1.4,0,1.1,0.4,4.7,96.8,NA,NA,NA,NA,NA,NA,NA,NA,NA,NA,NA,NA,NA,NA,NA,NA,NA,NA,NA,NA,NA,NA,8.2,6.3,1.9,4.8,NA,NA,0,NA,0,0,3.2,6.4,2.5,0,26.2,79
"5000153725","5000153725","county subdivision","Orwell town, Addison County, Vermont","Orwell",43.8090987,-73.2779922,1321,19.1,12.3,6.1,27.2,14.9,20.4,58958,7.3,3.5,3.8,3.5,3.8,6.1,3.7,8.7,1.1,73.1,8.7,25.9,86.6,94,32.6,97,96.9,0.3,0,1.2,1.3,0,0.3,3.8,94.5,NA,NA,NA,NA,NA,NA,NA,NA,NA,NA,NA,NA,NA,NA,NA,NA,NA,NA,NA,NA,NA,NA,8.7,2.4,6.3,7.5,0,NA,0,0,NA,0,6.3,8.3,7.6,0,9.4,96
"5000153950","5000153950","county subdivision","Panton town, Addison County, Vermont","Panton",44.1304184,-73.3401912,654,16.8,8.9,10.4,34.1,13.5,16.4,65417,2.9,2,0.9,2,0.9,0.9,2.1,11.5,3.1,79.4,6.2,15,77.9,92.2,35.6,91.5,98.5,0,0.3,0.3,0,0.9,0,1.7,95.3,NA,NA,NA,NA,NA,NA,NA,NA,NA,NA,NA,NA,NA,NA,NA,NA,NA,NA,NA,NA,NA,NA,0,0,0,2.6,NA,100,0,NA,0,NA,4.2,1.6,0,0,0,19
"5000159650","5000159650","county subdivision","Ripton town, Addison County, Vermont","Ripton",43.9849365,-72.9967754,549,19.1,4.7,8.2,30.6,19.5,17.9,49241,12.7,1.7,11,1.7,11,0.6,17.1,1.3,0.7,67.7,19.5,20.5,80.1,91.6,48.6,100,90.3,0,3.5,0,0,1.8,4.4,3.6,97.8,NA,NA,NA,NA,NA,NA,NA,NA,NA,NA,NA,NA,NA,NA,NA,NA,NA,NA,NA,NA,NA,NA,8.9,0,8.9,12,NA,0,NA,NA,100,0,14.2,11.2,0,NA,25.7,69
"5000162575","5000162575","county subdivision","Salisbury town, Addison County, Vermont","Salisbury",43.9254949,-73.1115282,1087,20.3,8,8.2,25.6,15.5,22.4,67813,8.2,4.5,3.7,4.5,3.7,0.9,5.1,12.8,0.3,72.8,9.2,21.5,80.3,93.1,36.1,98.4,96,0.4,0.7,0.9,0,1.1,0.8,2.2,96.1,NA,NA,NA,NA,NA,NA,NA,NA,NA,NA,NA,NA,NA,NA,NA,NA,NA,NA,NA,NA,NA,NA,5.4,5.4,0,8.2,0,100,0,NA,0,22.2,10.3,5.6,0,0,0,87
"5000165050","5000165050","county subdivision","Shoreham town, Addison County, Vermont","Shoreham",43.8992426,-73.3153144,1073,18,5,16.9,28.8,13,18.4,61435,10.1,6.2,3.9,6.2,3.9,2.4,3.1,5.1,0.8,78.5,7.1,11.3,79.1,88.9,30.5,95.9,85,0.7,2.5,1,0,2,8.8,10.8,92.7,NA,NA,NA,NA,NA,NA,NA,NA,NA,NA,NA,NA,NA,NA,NA,NA,NA,NA,NA,NA,NA,NA,15,9.3,5.7,10.1,0,0,0,57.1,0,17,12.2,8.3,13.6,0,0,108
"5000170075","5000170075","county subdivision","Starksboro town, Addison County, Vermont","Starksboro",44.2102844,-72.9934529,1979,23.4,8,10.9,30.7,16.8,10.2,71053,12.2,6.9,5.3,6.9,5.3,4.3,0.8,2.8,2.6,77.4,7.9,15.9,85.8,91.9,41.1,95.6,93.9,0.4,0,1.1,1.1,1.8,1.7,2.5,93.6,NA,NA,NA,NA,NA,NA,NA,NA,NA,NA,NA,NA,NA,NA,NA,NA,NA,NA,NA,NA,NA,NA,19.5,14.2,5.3,11.9,0,0,0,0,56.2,0,14.1,9.8,13.2,0,32.5,239
"5000174650","5000174650","county subdivision","Vergennes city, Addison County, Vermont","Vergennes",44.1676604,-73.2553163,2612,17.1,9.2,15.6,24.1,13.9,20.2,59464,9.9,4.8,5.1,4.8,5.1,7.8,2.5,4.5,4.1,71.2,13.2,16.2,61.3,93.9,27.7,95.6,98.1,0.2,0,0,0,0,1.7,2.7,97.7,NA,NA,NA,NA,NA,NA,NA,NA,NA,NA,NA,NA,NA,NA,NA,NA,NA,NA,NA,NA,NA,NA,11.8,9.4,2.4,9.3,100,NA,NA,NA,NA,33.3,9.2,10.4,1.7,0,32.7,253
"5000176075","5000176075","county subdivision","Waltham town, Addison County, Vermont","Waltham",44.1239371,-73.2293622,452,13.7,6.9,6.2,26.5,15.9,30.8,78750,7.1,2.9,4.2,2.9,4.2,0.9,1.1,2.9,1.1,86.9,2,0,90.9,93.6,41.8,96.3,94.9,0.7,0,0,0,0,4.4,4,95.1,NA,NA,NA,NA,NA,NA,NA,NA,NA,NA,NA,NA,NA,NA,NA,NA,NA,NA,NA,NA,NA,NA,9.7,9.7,0,4.4,0,NA,NA,NA,NA,65,8.3,5.8,0,0,100,32
"5000183275","5000183275","county subdivision","Weybridge town, Addison County, Vermont","Weybridge",44.0403287,-73.2227845,866,20.3,6.4,7.5,24.1,20.6,21.1,85357,4.6,3.5,1.2,3.5,1.2,0.2,2.8,7,0.5,84.9,6,0,81.9,95.7,56.5,97.8,93.5,0.6,2.2,0.8,0,1.5,1.4,5.7,93.8,NA,NA,NA,NA,NA,NA,NA,NA,NA,NA,NA,NA,NA,NA,NA,NA,NA,NA,NA,NA,NA,NA,0,0,0,4.9,0,0,0,NA,0,0,3.4,5.9,0,NA,0,40
"5000183800","5000183800","county subdivision","Whiting town, Addison County, Vermont","Whiting",43.8764212,-73.2125363,344,26.2,3.2,17.2,19.8,17.4,16.3,59583,18.3,5.2,13.1,5.2,13.1,4.1,1.5,6.4,1.2,68.6,13.1,25.7,83.9,90.5,28.8,94.6,97.4,0,0.6,0.9,0,0.6,0.6,2.6,96.8,NA,NA,NA,NA,NA,NA,NA,NA,NA,NA,NA,NA,NA,NA,NA,NA,NA,NA,NA,NA,NA,NA,42.2,8.9,33.3,18.8,NA,0,0,NA,0,0,19.1,17.3,14.6,96,33.3,63
"50001","001","county","Addison County, Vermont","Addison",44.031248,-73.141581,36939,17.5,13.6,10,24.7,15.7,18.5,65093,7.7,3.8,4,3.8,4,3.4,3,5.7,2.8,77.3,10.1,16.1,74.1,92.9,36.7,95.7,92.7,1.2,0.3,1.9,0.1,1.5,2.3,4.6,95.7,2020,33,12,0,20,0,15,64,3,8,1,33,8,53,20,12,45,73,1,0,37,8,9,5.4,3.6,7.8,2.7,16.2,0,10.5,11.5,10.6,7.2,8.3,3.6,10.2,25.8,2631
"50003","003","county","Bennington County, Vermont","Bennington",43.035325,-73.11146,35920,19.3,9.5,9.3,23.8,16.1,22,53040,11.3,4.4,6.9,4.4,6.9,5.6,5,6.1,3.2,68.7,14.6,19.7,73.3,91.9,35.7,95.7,94.4,0.4,0.2,1.1,0.1,1.9,1.9,3.2,95.8,2020,41,15,0,25,0,4,81,36,1,6,46,8,63,25,11,53,88,2,1,41,7,15.5,5.8,9.8,11,59.4,5.8,8.2,0,13.7,27.5,10.6,12,6.1,17.6,37.4,3892
"50005","005","county","Caledonia County, Vermont","Caledonia",44.468791,-72.112168,30425,19.7,9.1,10.6,25,16.2,19.3,49348,12.3,5,7.3,5,7.3,4.3,4.2,8.1,5,66.1,15.3,19.6,72.2,90.9,28.1,96.3,94.9,0.9,0.2,0.6,0.1,1.7,1.6,2.2,94.8,2020,19,2,0,11,0,7,33,8,5,3,20,1,30,11,6,26,41,1,0,21,9,16.4,7.2,9.2,11.3,50.3,62.3,51.7,14.8,21.6,27.4,11.5,13.1,4,45.5,43.3,3611
"50007","007","county","Chittenden County, Vermont","Chittenden",44.460676,-73.070525,162052,18.2,16.2,13.9,24.4,13.1,14.1,69896,11.8,5.7,6,5.7,6,3.1,3.6,4.9,1.7,75,9.4,15.5,63,94.1,50.7,96.3,88.8,2.5,0.2,4.2,0.2,1.8,2.3,9,96.7,2020,149,38,3,33,2,35,200,66,16,45,145,49,224,33,22,217,261,6,2,112,34,12.9,5.3,7.6,10.7,25.5,12.6,16.4,16.5,20.7,20.2,11.2,12.3,5.5,8.2,40,17916
"50009","009","county","Essex County, Vermont","Essex",44.724021,-71.732736,6208,17.9,6.1,8.5,24.9,18,24.6,41045,14.6,5.1,9.5,5.1,9.5,6.8,5.3,7.6,4,61.8,16.2,25.8,80.2,85.8,15.6,95.5,95.4,1,0.3,0.6,0.1,1.3,1.3,3.5,95.4,2020,0,0,0,0,0,0,0,0,0,0,0,0,0,0,0,0,0,0,0,0,0,20.2,9.3,10.9,13.5,100,65,17.1,73.3,12.4,13.3,12.3,16.9,10,18.5,45.2,904
"50011","011","county","Franklin County, Vermont","Franklin",44.858964,-72.909402,49025,22.7,7.8,12.5,27.4,14.7,14.9,64258,7.7,3.2,4.5,3.2,4.5,3.7,3.4,5.7,1.3,78.2,13.2,15.1,74.5,90.8,23.7,95.8,93.9,0.6,0.5,0.4,0.5,2.6,1.5,2.8,96.6,2020,24,4,0,14,1,2,47,26,4,2,30,3,39,14,9,35,53,2,0,22,11,7.4,3.5,3.9,7.6,0,5.3,0.6,0,19.3,3.4,5.6,9.8,2,1.7,30.4,3740
"50013","013","county","Grand Isle County, Vermont","Grand Isle",44.801788,-73.300758,6965,17.7,7.3,10.3,26.2,19.1,19.4,69583,7.6,3.5,4.1,3.5,4.1,3.6,1.4,4.3,1.6,81.3,7.7,14.9,82.4,94.3,39.2,95.3,92.9,0.8,0.4,0.5,0.1,3.3,1.9,4.2,96.9,2020,0,0,0,0,0,0,0,0,0,0,0,0,0,0,0,0,0,0,0,0,0,10,5.5,4.4,8.1,0,0,0,0,3.1,0,7.2,8.1,0.6,14.5,29.9,528
"50015","015","county","Lamoille County, Vermont","Lamoille",44.603504,-72.638356,25268,20.8,9.4,12.4,26.6,14.7,16.1,60365,14.5,7.3,7.2,7.3,7.2,4.7,4.5,5.6,2.9,67.8,12.7,22.8,72.5,92.6,37.3,95.9,94.7,0.9,0.8,0.6,0,1.2,1.8,3.1,94.2,2020,19,3,1,10,0,7,31,9,0,7,22,5,28,10,5,26,38,1,0,16,5,21.6,12.1,9.5,14.2,20.2,10.6,0,0,38.4,23.8,13.6,15.4,11.9,12.5,61.7,3574
"50017","017","county","Orange County, Vermont","Orange",44.003392,-72.369687,28937,18.8,8.2,10.5,25.5,17.3,19.6,60159,10.8,4.2,6.6,4.2,6.6,4.4,3.7,6.6,3.5,71,11.9,18.6,80.9,91.8,29.1,95.5,95.5,0.6,0.4,0.2,0.2,1.6,1.4,2.1,95.4,2020,11,11,0,1,0,1,3,3,17,3,19,1,22,1,0,21,23,15,0,4,0,15.2,6.6,8.6,10.7,15.5,13.7,0,42.9,9,13,9.8,11.8,8.4,9.7,39,3064
"50019","019","county","Orleans County, Vermont","Orleans",44.828442,-72.25163,26911,19.6,7.2,10.9,24.9,15.7,21.7,47915,14,4.8,9.1,4.8,9.1,4.9,5.3,9.2,3.3,63.3,15.7,19.6,77,87.6,21.6,95.5,95.3,0.4,0.5,0.2,0.1,2,1.4,4.2,95.8,2020,11,0,0,5,0,1,12,8,7,6,13,3,20,5,4,17,25,0,0,12,9,14.5,4.4,10.1,14,8.9,10.7,10.9,0,23.1,2.1,12.6,15.4,8.8,16.1,28.5,3641
"50021","021","county","Rutland County, Vermont","Rutland",43.580844,-73.038196,59273,17.9,9.6,10.5,24.4,16.9,20.7,54973,10.7,4,6.7,4,6.7,4.3,3.8,6.4,3.2,71.7,11.3,15.7,72.5,92.3,30.3,96.2,95.4,0.8,0.4,1,0.1,0.8,1.4,2.5,95.1,2020,68,20,1,28,0,17,115,86,9,2,66,18,98,28,17,95,126,12,0,62,9,13.8,4.3,9.5,10.6,9.1,20.8,0,11.4,21,14.5,9.9,11.4,5,6.5,48.5,6100
"50023","023","county","Washington County, Vermont","Washington",44.274953,-72.609475,58477,19.2,9.3,11,26.6,15.4,18.5,62108,11.4,5.2,6.2,5.2,6.2,4.1,3.5,5.6,2.1,73.3,11.9,19.3,70.8,93.4,41.5,96.5,94.3,0.8,0.3,0.8,0.1,1.9,1.9,2.8,96.9,2020,92,36,5,24,0,12,144,53,17,7,96,37,148,24,15,133,172,17,2,71,15,17.4,8.9,8.5,10.7,23.4,26.3,20.9,43.9,26.4,21.8,10.9,11.9,4.5,27.7,40.5,6407
"50025","025","county","Windham County, Vermont","Windham",42.999143,-72.716335,43150,18.4,7.9,10.9,24.3,17.5,21,52659,13.4,6,7.4,6,7.4,4.4,4.6,6.9,3,67.8,15.8,28.2,67.8,93.4,38.6,94.6,93.2,1.1,0.2,1.1,0,2,2.3,3.5,95.1,2020,59,9,1,18,1,6,83,27,10,4,51,30,79,18,9,78,97,6,2,48,10,18.4,9.8,8.6,12.9,37.2,18.3,45.1,28.2,14.2,6.7,11.8,15,8.2,14.7,40.7,5574
"50027","027","county","Windsor County, Vermont","Windsor",43.588143,-72.591515,55427,18.5,6.3,11,25.1,17.2,22,58303,10,4.8,5.2,4.8,5.2,3.6,4.1,7.3,2.4,72.5,11.6,15.2,73.2,93.2,36.3,95.9,94.7,0.7,0.2,0.8,0.2,1.8,1.6,3.3,95.3,2020,55,15,6,27,0,9,83,14,2,28,59,21,86,27,14,75,113,2,1,52,10,14.2,7,7.2,9.6,9.9,33.3,3.6,5.6,26.3,13.7,9.5,10.5,4.8,19,38.8,5452
"50001960100","001960100","census tract","Census Tract 9601, Addison County, Vermont","Starksboro, Monkton",NA,NA,3928,23.2,5.4,12.1,31.1,15.6,12.7,78750,7,3.9,3.1,3.9,3.1,3,2.4,4.3,1.7,81.7,5.9,11.1,83.8,92.9,41.8,96.9,95,0.2,0,0.9,0.5,2.1,1.3,3.2,94.5,NA,NA,NA,NA,NA,NA,NA,NA,NA,NA,NA,NA,NA,NA,NA,NA,NA,NA,NA,NA,NA,NA,10.3,7.2,3.1,6.8,0,0,0,0,22.8,0,8,5.8,6.4,4.4,24.3,272
"50001960200","001960200","census tract","Census Tract 9602, Addison County, Vermont","Ferrisburgh",NA,NA,2736,14.8,9.6,10,26.4,21,18.1,74958,3,0.6,2.3,0.6,2.3,0.7,2.3,4.2,2.6,87.3,7.1,12.5,79.5,95.1,38.1,95.6,97.6,0,0,0,0,1.1,1.3,2.8,94.5,NA,NA,NA,NA,NA,NA,NA,NA,NA,NA,NA,NA,NA,NA,NA,NA,NA,NA,NA,NA,NA,NA,0,0,0,3,NA,0,NA,NA,0,0,2.5,3.5,0,NA,0,81
"50001960300","001960300","census tract","Census Tract 9603, Addison County, Vermont","Vergennes",NA,NA,2612,17.1,9.2,15.6,24.1,13.9,20.2,59464,9.9,4.8,5.1,4.8,5.1,7.8,2.5,4.5,4.1,71.2,13.2,16.2,61.3,93.9,27.7,95.6,98.1,0.2,0,0,0,0,1.7,2.7,97.7,NA,NA,NA,NA,NA,NA,NA,NA,NA,NA,NA,NA,NA,NA,NA,NA,NA,NA,NA,NA,NA,NA,11.8,9.4,2.4,9.3,100,NA,NA,NA,NA,33.3,9.2,10.4,1.7,0,32.7,253
"50001960400","001960400","census tract","Census Tract 9604, Addison County, Vermont","Panton, Addison, Weybridge, New Haven",NA,NA,5083,19.3,7.9,9.7,27.5,15.8,19.8,78672,4.3,2.1,2.2,2.1,2.2,1.1,1.6,5.3,1.8,86,5.2,5.8,83.6,93.6,37.3,95.9,96.4,0.2,0.4,0.6,0,1,1.4,4.1,96.4,NA,NA,NA,NA,NA,NA,NA,NA,NA,NA,NA,NA,NA,NA,NA,NA,NA,NA,NA,NA,NA,NA,3.3,2.7,0.6,4.1,0,9.5,0,NA,0,17.8,3.6,5,0.8,0,14,217
"50001960500","001960500","census tract","Census Tract 9605, Addison County, Vermont","Bristol",NA,NA,3914,19,7.2,10.3,25.1,20.8,17.6,56066,8.1,6.4,1.8,6.4,1.8,7,1.9,8.3,3.7,71,15.7,26.3,69.7,90.3,27.9,95.4,95,2.1,0,2,0,0,0.9,1.7,95,NA,NA,NA,NA,NA,NA,NA,NA,NA,NA,NA,NA,NA,NA,NA,NA,NA,NA,NA,NA,NA,NA,10.2,8.4,1.8,8.2,0,100,0,NA,NA,36.1,7.8,8.4,9.5,NA,12.2,314
"50001960600","001960600","census tract","Census Tract 9606, Addison County, Vermont","Lincoln, Ripton, Granville, Hancock, Goshen",NA,NA,2732,20.4,5.5,8,29.5,18,18.6,58343,10.4,3.5,7,3.5,7,3.1,7.1,3.4,2.8,73.1,11.3,15.3,79.7,91.2,39.8,96.3,94.3,0,0.8,0.7,0.5,2.4,1.3,1.5,94.7,NA,NA,NA,NA,NA,NA,NA,NA,NA,NA,NA,NA,NA,NA,NA,NA,NA,NA,NA,NA,NA,NA,8.2,4.2,4,10.7,NA,0,0,0,15.2,0,9.8,11.1,3.9,0,18.4,283
"50001960700","001960700","census tract","Census Tract 9607, Addison County, Vermont","Middlebury East of Route 7",NA,NA,3750,20.9,5,8.2,28.6,15,22.3,53910,10.1,4.5,5.5,4.5,5.5,2.2,5.2,8.7,5.8,68,17.9,28.7,65,94.1,39.9,97.2,88.5,3.5,0,3,0,2.1,2.9,7.1,97.7,NA,NA,NA,NA,NA,NA,NA,NA,NA,NA,NA,NA,NA,NA,NA,NA,NA,NA,NA,NA,NA,NA,12.1,4.5,7.6,11.4,0,NA,0,0,0,0,7.3,12.5,0,0,48,376
"50001960800","001960800","census tract","Census Tract 9608, Addison County, Vermont","Middlebury West of Route 7",NA,NA,4850,6.5,56.4,7.8,9.6,6.5,13.2,66713,10.8,4.2,6.6,4.2,6.6,5.9,2.8,2.8,2,75.8,8.4,11.2,43.7,91.9,48.2,91.3,80.2,2.7,0.2,7.8,0,2.8,6.3,10.4,97.1,NA,NA,NA,NA,NA,NA,NA,NA,NA,NA,NA,NA,NA,NA,NA,NA,NA,NA,NA,NA,NA,NA,7.5,5.2,2.3,10.4,10.9,100,0,NA,100,0,8.1,13.1,0,0,29.5,230
"50001960900","001960900","census tract","Census Tract 9609, Addison County, Vermont","Cornwall, Shoreham, Bridport, Orwell, Whiting",NA,NA,5050,18.4,7,11.5,25.3,16.1,21.7,65515,8.3,3.7,4.6,3.7,4.6,3,2.9,5.8,2.3,77.8,7.8,13.8,80.6,93.3,36.8,96.7,92.5,1.2,0.7,1,0.3,1.6,2.7,5.9,93.8,NA,NA,NA,NA,NA,NA,NA,NA,NA,NA,NA,NA,NA,NA,NA,NA,NA,NA,NA,NA,NA,NA,12.9,5.5,7.4,8.6,0,0,0,30.8,0,14.2,8.7,7.9,6.4,36.5,31.5,420
"50001961000","001961000","census tract","Census Tract 9610, Addison County, Vermont","Salisbury, Leicster",NA,NA,2284,17.7,9.2,6.9,23.7,19.1,23.4,62763,8.3,4.1,4.2,4.1,4.2,2,3.4,8.5,0.9,76.9,9.1,20.1,85,92,28.7,96.4,96.4,0.4,0.6,0.4,0,1,1.2,2.3,95.8,NA,NA,NA,NA,NA,NA,NA,NA,NA,NA,NA,NA,NA,NA,NA,NA,NA,NA,NA,NA,NA,NA,10.8,7.7,3.1,8.4,0,14.3,0,NA,0,7.4,9.5,6.9,3.1,25,25,185
